{
  "generated_at": "2026-02-02T09:34:00.542277",
  "productions": [
    {
      "name": "Bohrinsel",
      "name_de": "Bohrinsel",
      "cost": 3900000,
      "category": "rohstoffe",
      "research_id": 100,
      "inputs": [
        "Wartung",
        "Strom"
      ],
      "outputs": [
        "Rohöl",
        "Methan"
      ]
    },
    {
      "name": "Brauerei",
      "name_de": "Brauerei",
      "cost": 2900000,
      "category": "verarbeitung",
      "research_id": 101,
      "inputs": [
        "Hopfen",
        "Wartung",
        "Weizenmalz",
        "Gerstenmalz",
        "Hirsemalz",
        "Hefe",
        "Leerpalette",
        "Flaschen",
        "Zucker",
        "Wasser",
        "Strom"
      ],
      "outputs": [
        "Weizenbierfass",
        "Gerstenbierfass",
        "Hirsebierfass",
        "Gerste Flaschenbier",
        "Weizen Flaschenbier",
        "Malzbier",
        "Schweinefutter",
        "Alte Leerpalette",
        "Abwasser"
      ]
    },
    {
      "name": "Brennerei",
      "name_de": "Brennerei",
      "cost": 2800000,
      "category": "verarbeitung",
      "research_id": 102,
      "inputs": [
        "Apfel",
        "Birne",
        "Kirsche",
        "Pflaume",
        "Mirabelle",
        "Weizen",
        "Sommerweizen",
        "Roggen",
        "Mais",
        "Kartoffeln",
        "Eier",
        "Erdbeere",
        "Himbeere",
        "Sahne",
        "Hefe",
        "Weizenmalz",
        "Gerstenmalz",
        "Zucker",
        "Korn",
        "Wodka",
        "Holzfass",
        "Flaschen",
        "Trauben",
        "Kartonrolle",
        "Papierrolle",
        "Leerpalette",
        "Wasser",
        "Strom",
        "Wartung"
      ],
      "outputs": [
        "Obstler",
        "Korn",
        "Whiskey",
        "Wodka",
        "Eierlikör",
        "Erdbeerlimes",
        "Himbeerlimes",
        "Rotwein",
        "Kompost",
        "Essig",
        "Alte Leerpalette"
      ]
    },
    {
      "name": "Bäckerei",
      "name_de": "Bäckerei",
      "cost": 1900000,
      "category": "verarbeitung",
      "research_id": 103,
      "inputs": [
        "Mehl",
        "Eier",
        "Zucker",
        "Hefe",
        "Vollmilch",
        "Joghurt",
        "Butter",
        "Sahne",
        "Erdbeeren",
        "Reismehl",
        "Kartonrolle",
        "Leerpalette",
        "Wartung",
        "Strom",
        "Wasser"
      ],
      "outputs": [
        "Backwaren",
        "Brot",
        "Brötchen",
        "Kuchen",
        "Alte Leerpalette",
        "Abwasser"
      ]
    },
    {
      "name": "Crepes und Eisverkauf",
      "name_de": "Crepes und Eisverkauf",
      "cost": 190000,
      "category": "verkauf",
      "research_id": 104,
      "inputs": [
        "Waffeleis",
        "Eis am Stiel",
        "Apfelsaft",
        "Kirschsaft",
        "Backwaren",
        "Wartung",
        "Strom",
        "Weizenmehl",
        "Zucker",
        "Eier",
        "Vollmilch",
        "Sonnenblumenöl",
        "Apfelmus",
        "Erdbeermarmelade"
      ],
      "outputs": [
        "Geldkassette"
      ]
    },
    {
      "name": "Düngerherstellung",
      "name_de": "Düngerherstellung",
      "cost": 380000,
      "category": "landwirtschaft",
      "research_id": 105,
      "inputs": [
        "Gülle",
        "Gärreste",
        "Mist",
        "Kompost",
        "Wasser",
        "Wartung",
        "Strom"
      ],
      "outputs": [
        "Mineraldünger",
        "Flüssigdünger"
      ]
    },
    {
      "name": "Eisfabrik",
      "name_de": "Eisfabrik",
      "cost": 1500000,
      "category": "verarbeitung",
      "research_id": 106,
      "inputs": [
        "Vollmilch",
        "Sahne",
        "Zucker",
        "Leerpalette",
        "Kartonrolle",
        "Wartung",
        "Strom",
        "Wasser",
        "Erdbeere",
        "Himbeere",
        "Eier",
        "Butter",
        "Mehl",
        "Pfirsich",
        "Kirsche",
        "Bretterpalette"
      ],
      "outputs": [
        "Waffeleis",
        "Eis am Stiel",
        "Crushed Ice",
        "Schweinefutter",
        "Abwasser",
        "Alte Leerpalette"
      ]
    },
    {
      "name": "Feld Erdbeere",
      "name_de": "Erdbeerfeld",
      "cost": 450000,
      "category": "plantage",
      "research_id": 107,
      "inputs": [
        "Saatgut",
        "Wartung",
        "Leerpalette",
        "Kartonpalette",
        "Kompost",
        "Stroh",
        "Strom",
        "Wasser",
        "Mist",
        "Herbizid",
        "Bienenstock"
      ],
      "outputs": [
        "Erdbeere",
        "Himbeere",
        "Brombeere",
        "Johannisbeere",
        "Honig"
      ]
    },
    {
      "name": "Feld Hopfen",
      "name_de": "Hopfenfeld",
      "cost": 400000,
      "category": "plantage",
      "research_id": 108,
      "inputs": [
        "Setzlingspalette",
        "Holzkiste",
        "Leerpalette",
        "Wartung",
        "Kompost",
        "Bretterpalette",
        "Wasser",
        "Strom",
        "Kartonrolle",
        "Mist",
        "Herbizid",
        "Bienenstock"
      ],
      "outputs": [
        "Hopfen",
        "Honig"
      ]
    },
    {
      "name": "Feld Kürbis",
      "name_de": "Kürbisfeld",
      "cost": 450000,
      "category": "plantage",
      "research_id": 109,
      "inputs": [
        "Saatgut",
        "Holzkiste",
        "Leerpalette",
        "Wartung",
        "Stroh",
        "Wasser",
        "Strom",
        "Kartonrolle",
        "Mist",
        "Herbizid",
        "Bienenstock"
      ],
      "outputs": [
        "Kürbispaletten",
        "Honig"
      ]
    },
    {
      "name": "Feld Oliven",
      "name_de": "Olivenfeld",
      "cost": 450000,
      "category": "plantage",
      "research_id": 110,
      "inputs": [
        "Setzlingspaletten",
        "Holzkiste",
        "Kompost",
        "Leerpalette",
        "Wartung",
        "Wasser",
        "Strom",
        "Mist",
        "Herbizid",
        "Mineraldünger"
      ],
      "outputs": [
        "Oliven"
      ]
    },
    {
      "name": "Feld Rollrasen",
      "name_de": "Rollrasenfeld",
      "cost": 490000,
      "category": "plantage",
      "research_id": 111,
      "inputs": [
        "Ackergras",
        "Erde",
        "Leerpalette",
        "Wartung",
        "Strom",
        "Wasser",
        "Herbizid",
        "Mineraldünger"
      ],
      "outputs": [
        "Rollrasen"
      ]
    },
    {
      "name": "Feld Tannenbäume",
      "name_de": "Tannenbaumfeld",
      "cost": 250000,
      "category": "plantage",
      "research_id": 112,
      "inputs": [
        "Kompost",
        "Wartung",
        "Strom",
        "Wasser",
        "Setzlingspalette",
        "Mineraldünger",
        "Herbizid"
      ],
      "outputs": [
        "Geldkassette"
      ]
    },
    {
      "name": "Feld Trauben",
      "name_de": "Traubenfeld",
      "cost": 450000,
      "category": "plantage",
      "research_id": 113,
      "inputs": [
        "Setzlingspaletten",
        "Wartung",
        "Bretterpaletten",
        "Kompost",
        "Strom",
        "Wasser",
        "Kartonrolle",
        "Leerpalette",
        "Herbizid",
        "Bienenstock"
      ],
      "outputs": [
        "Trauben",
        "Honig"
      ]
    },
    {
      "name": "Fermenter",
      "name_de": "Fermenter",
      "cost": 580000,
      "category": "verarbeitung",
      "research_id": 114,
      "inputs": [
        "Gras",
        "Luzerne",
        "Häckselgut",
        "Kleegras",
        "Siliermittel"
      ],
      "outputs": [
        "Silage",
        "Gärreste"
      ]
    },
    {
      "name": "Fermenter klein",
      "name_de": "Fermenter (klein)",
      "cost": 100000,
      "category": "verarbeitung",
      "research_id": 115,
      "inputs": [
        "Gras",
        "Luzerne",
        "Häckselgut",
        "Kleegras",
        "Siliermittel"
      ],
      "outputs": [
        "Silage"
      ]
    },
    {
      "name": "Fischbude",
      "name_de": "Fischbude",
      "cost": 190000,
      "category": "verkauf",
      "research_id": 116,
      "inputs": [
        "Wartung",
        "Strom",
        "Scholle",
        "Hering",
        "Krabbe",
        "Hummer",
        "Dorsch",
        "Lachs",
        "Forelle",
        "Aal",
        "Geräucherter Lachs",
        "Geräucherte Forelle",
        "Geräucherter Aal",
        "Malzbier",
        "Traubensaft",
        "Dorschfilet",
        "Brötchen",
        "Butter",
        "Papierrolle",
        "Salat",
        "Mayonnaise"
      ],
      "outputs": [
        "Geldkassette"
      ]
    },
    {
      "name": "Fischfabrik",
      "name_de": "Fischfabrik",
      "cost": 2000000,
      "category": "verarbeitung",
      "research_id": 117,
      "inputs": [
        "Scholle",
        "Hering",
        "Krabbe",
        "Dorsch",
        "Zucker",
        "Weizenmehl",
        "Eier",
        "Mayonnaise",
        "Tomatensauce",
        "Sonnenblumenöl",
        "Rapsöl",
        "Wartung",
        "Papierrolle",
        "Kartonrolle",
        "Wasser",
        "Strom",
        "Leerpalette"
      ],
      "outputs": [
        "Schollenfilet",
        "Hering in Tomatensauce",
        "Krabbensalat",
        "Dorschfilet",
        "Fischmehl",
        "Kompost",
        "Abwasser",
        "Alte Leerpalette"
      ]
    },
    {
      "name": "Fischer",
      "name_de": "Fischer",
      "cost": 800000,
      "category": "produktion",
      "research_id": 118,
      "inputs": [
        "Leerpalette",
        "Diesel",
        "Wartung",
        "Strom",
        "Rundballennetz",
        "Crushed Ice",
        "Seil"
      ],
      "outputs": [
        "Scholle",
        "Hering",
        "Krabbe",
        "Hummer",
        "Muscheln"
      ]
    },
    {
      "name": "Fischzucht",
      "name_de": "Fischzucht",
      "cost": 800000,
      "category": "tierhaltung",
      "research_id": 119,
      "inputs": [
        "Fischfutter",
        "Rundballennetz",
        "Crushed Ice",
        "Leerpalette",
        "Wartung",
        "Strom"
      ],
      "outputs": [
        "Lachs",
        "Forelle",
        "Aal",
        "Dorsch",
        "Alte Leerpalette"
      ]
    },
    {
      "name": "Futterfabrik",
      "name_de": "Futterfabrik",
      "cost": 690000,
      "category": "verarbeitung",
      "research_id": 120,
      "inputs": [
        "Wartung",
        "Strom",
        "Kleie",
        "Kalk",
        "Hefe",
        "Silage",
        "Stroh",
        "Mineralfutter",
        "Heu",
        "Luzerne Heu",
        "Kleeheu",
        "Mais",
        "Kartoffeln",
        "Weizen",
        "Raps"
      ],
      "outputs": [
        "Mineralfutter",
        "Mischration",
        "Schweinefutter"
      ]
    },
    {
      "name": "Futterfabrik XL",
      "name_de": "Futterfabrik XL",
      "cost": 2400000,
      "category": "verarbeitung",
      "research_id": 121,
      "inputs": [
        "Strom",
        "Wartung",
        "Kleie",
        "Kalk",
        "Hefe",
        "Silage",
        "Stroh",
        "Mineralfutter",
        "Heu",
        "Luzerne Heu",
        "Kleeheu",
        "Weizen",
        "Mais",
        "Kartoffeln",
        "Raps",
        "Molke",
        "Leerpalette",
        "Kartonrolle",
        "Wasser",
        "Muscheln",
        "Fischmehl",
        "Ackererbsen",
        "Nebenprodukt",
        "Rindfleisch",
        "Hafer",
        "Erbsen",
        "Geflügelfleisch",
        "Sonnenblumen",
        "Triticale",
        "Hanf"
      ],
      "outputs": [
        "Mineralfutter",
        "Mischration",
        "Schweinefutter",
        "Alte Leerpalette",
        "Abwasser",
        "Katzenfutter",
        "Hundefutter",
        "Vogelfutter",
        "Fischfutter",
        "Leerpaletten"
      ]
    },
    {
      "name": "Gemüsefabrik",
      "name_de": "Gemüsefabrik",
      "cost": 3800000,
      "category": "verarbeitung",
      "research_id": 122,
      "inputs": [
        "Kartoffeln",
        "Möhren",
        "Rote Zwiebeln",
        "Frühlingslauch",
        "Tomaten",
        "Knoblauch",
        "Zwiebeln",
        "Ackererbsen",
        "Netzrolle",
        "Papierrolle",
        "Kartonrolle",
        "Leerpalette",
        "Strom",
        "Wasser",
        "Wartung",
        "Ackerbohnen",
        "Pastinaken",
        "Rote Beete",
        "Chilischoten",
        "Chinakohl",
        "Kürbis",
        "Spinat",
        "Mais",
        "Enoki",
        "Austernpilze",
        "Pilze",
        "Wurst",
        "Rindfleisch",
        "Schinken",
        "Geflügelfleisch",
        "Sahne",
        "Käse",
        "Brot",
        "Rotwein",
        "Weizenmehl",
        "Maisöl",
        "Nudeln"
      ],
      "outputs": [
        "Karottensack",
        "Zwiebelsack",
        "Bohnensuppe",
        "Eingemachte Bohnen",
        "Chili Con Carne",
        "Dreierleisuppe",
        "Erbsensuppe",
        "Erbsendose",
        "Karottendose",
        "Karottensuppe",
        "Kartoffelsuppe",
        "Kohlsuppe",
        "Kimchi",
        "Kürbissuppe",
        "Kürbiskerne",
        "Nudelsuppe",
        "Pastinakensuppe",
        "Pastinakendose",
        "Pilzsuppe",
        "Rotebeetesuppe",
        "Rotebeetedose",
        "Spinatsack",
        "Rahmspinat",
        "Tomatensuppe",
        "Zwiebelsalz",
        "Röstzwiebeln",
        "Zwiebelsuppe",
        "Alte Leerpalette",
        "Abwasser",
        "Kompost"
      ]
    },
    {
      "name": "Einkaufsstation Hafen",
      "name_de": "Einkaufsstation Hafen",
      "cost": 500000,
      "category": "handel",
      "research_id": 123,
      "inputs": [
        "Geldkassette"
      ],
      "outputs": [
        "Weizen",
        "Gerste",
        "Raps",
        "Sorghum Hirse",
        "Sonnenblumen",
        "Sojabohnen",
        "Mais",
        "Roggen",
        "Dinkel",
        "Zuckerrohr",
        "Reis",
        "Langkornreis",
        "Hackschnitzel",
        "Erde"
      ]
    },
    {
      "name": "Getreidefabrik",
      "name_de": "Getreidefabrik",
      "cost": 3900000,
      "category": "verarbeitung",
      "research_id": 124,
      "inputs": [
        "Sorghumhirse",
        "Sojabohnen",
        "Hafer",
        "Mais",
        "Trauben",
        "Honig",
        "Sonnenblumen",
        "Sonnenblumenöl",
        "Rapsöl",
        "Zucker",
        "Langkornreis",
        "Rosinen",
        "Hafermilch",
        "Haferflocken",
        "Leerpalette",
        "Papierrolle",
        "Kartonrolle",
        "Wartung",
        "Strom",
        "Wasser"
      ],
      "outputs": [
        "Hirsebrei",
        "Rosinen",
        "Hafermilch",
        "Sojamilch",
        "Sojaschnetzel",
        "Popcorn",
        "Gemüsemais",
        "Haferflocken",
        "Müsli",
        "Reisrolle",
        "Reissack",
        "Reisbox",
        "Schweinefutter",
        "Alte Leerpalette",
        "Abwasser"
      ]
    },
    {
      "name": "Gewächshaus Pilze",
      "name_de": "Gewächshaus Pilze",
      "cost": 250000,
      "category": "plantage",
      "research_id": 125,
      "inputs": [
        "Saatgut",
        "Kartonrolle",
        "Leerpalette",
        "Kompost",
        "Wartung",
        "Strom",
        "Wasser"
      ],
      "outputs": [
        "Austernpilz",
        "Enoki",
        "Pilze"
      ]
    },
    {
      "name": "Gewächshaus",
      "name_de": "Gewächshaus",
      "cost": 250000,
      "category": "plantage",
      "research_id": 126,
      "inputs": [
        "Leerpalette",
        "Erde",
        "Kompost",
        "Saatgut",
        "Leere Holzkiste",
        "Herbizide",
        "Flüssigdünger",
        "Wartung",
        "Strom",
        "Wasser"
      ],
      "outputs": [
        "Tomate",
        "Baumsetzlingspaletten",
        "Erdbeere",
        "Himbeere",
        "Rotkohl",
        "Rote Zwiebel",
        "Johannisbeere",
        "Brombeere",
        "Blumenkohl",
        "Kürbis",
        "Salat",
        "Knoblauch",
        "Frühlingslauch",
        "Chilischoten",
        "Chinakohl"
      ]
    },
    {
      "name": "Gewächshaus XL",
      "name_de": "Gewächshaus XL",
      "cost": 600000,
      "category": "plantage",
      "research_id": 127,
      "inputs": [
        "Leerpalette",
        "Erde",
        "Kompost",
        "Saatgut",
        "Leere Holzkiste",
        "Herbizide",
        "Flüssigdünger",
        "Wartung",
        "Strom",
        "Wasser"
      ],
      "outputs": [
        "Tomate",
        "Baumsetzlingspaletten",
        "Erdbeere",
        "Himbeere",
        "Rotkohl",
        "Rote Zwiebel",
        "Johannisbeere",
        "Brombeere",
        "Blumenkohl",
        "Kürbis",
        "Salat",
        "Knoblauch",
        "Frühlingslauch",
        "Chilischoten",
        "Chinakohl"
      ]
    },
    {
      "name": "Glasfabrik",
      "name_de": "Glasfabrik",
      "cost": 1200000,
      "category": "verarbeitung",
      "research_id": 128,
      "inputs": [
        "Sand",
        "Methan",
        "Wartung",
        "Kartonrolle",
        "Leerpalette",
        "Bretterpalette",
        "Strom",
        "Wasser",
        "Altglas"
      ],
      "outputs": [
        "Flaschen",
        "Einmachglas",
        "Glasscheibe"
      ]
    },
    {
      "name": "Heizkraftwerk",
      "name_de": "Heizkraftwerk",
      "cost": 1400000,
      "category": "energie",
      "research_id": 129,
      "inputs": [
        "Stroh",
        "Hackschnitzel",
        "Holzpellets",
        "Strohpellets",
        "Methan",
        "Wartung"
      ],
      "outputs": [
        "Strom",
        "Leerpalette",
        "Alte Leerpalette"
      ]
    },
    {
      "name": "Heutrocknung XL",
      "name_de": "Heutrocknung XL",
      "cost": 300000,
      "category": "verarbeitung",
      "research_id": 130,
      "inputs": [
        "Gras",
        "Luzerne",
        "Kleegras",
        "Wartung",
        "Strom",
        "Diesel"
      ],
      "outputs": [
        "Heu",
        "Luzerne Heu",
        "Kleeheu"
      ]
    },
    {
      "name": "Heutrocknung",
      "name_de": "Heutrocknung",
      "cost": 100000,
      "category": "verarbeitung",
      "research_id": 131,
      "inputs": [
        "Gras",
        "Luzerne",
        "Kleegras",
        "Strom",
        "Diesel"
      ],
      "outputs": [
        "Heu",
        "Luzerne Heu",
        "Kleeheu"
      ]
    },
    {
      "name": "Hofladen",
      "name_de": "Hofladen",
      "cost": 120000,
      "category": "verkauf",
      "research_id": 132,
      "inputs": [
        "Blumenkohl",
        "Rotkohl",
        "Salat",
        "Tomate",
        "Rote Zwiebel",
        "Knoblauch",
        "Chilischoten",
        "Frühlingslauch",
        "Chinakohl",
        "Kürbis",
        "Erdbeere",
        "Himbeere",
        "Brombeere",
        "Johannisbeere",
        "Apfel",
        "Kirsche",
        "Birne",
        "Pflaume",
        "Pfirsich",
        "Mirabelle",
        "Kartoffelsack",
        "Zwiebelsack",
        "Karottensack",
        "Pilze",
        "Enoki",
        "Austernpilze",
        "Eier",
        "Honig"
      ],
      "outputs": [
        "Geldkassette"
      ]
    },
    {
      "name": "Holzfäller",
      "name_de": "Holzfäller",
      "cost": 155000,
      "category": "produktion",
      "research_id": 133,
      "inputs": [
        "Leerpalette",
        "Diesel",
        "Wartung",
        "Strom"
      ],
      "outputs": [
        "Holzstammpalette"
      ]
    },
    {
      "name": "Holzhacker",
      "name_de": "Holzhacker",
      "cost": 290000,
      "category": "verarbeitung",
      "research_id": 134,
      "inputs": [
        "Holz",
        "Holzstammpalette",
        "Diesel",
        "Wartung"
      ],
      "outputs": [
        "Hackschnitzel"
      ]
    },
    {
      "name": "Holzkohlefabrik",
      "name_de": "Holzkohlefabrik",
      "cost": 1100000,
      "category": "verarbeitung",
      "research_id": 135,
      "inputs": [
        "Leerpalette",
        "Papierrolle",
        "Methan",
        "Wartung",
        "Bretterpalette",
        "Holzstammpalette",
        "Strom",
        "Wasser"
      ],
      "outputs": [
        "Holzkohle",
        "Alte Leerpalette"
      ]
    },
    {
      "name": "Imbiss",
      "name_de": "Imbiss",
      "cost": 190000,
      "category": "verkauf",
      "research_id": 136,
      "inputs": [
        "Pommes",
        "Wurst",
        "Rapsöl",
        "Gerste Flaschenbier",
        "Weizen Flaschenbier",
        "Apfelsaft",
        "Holzkohle",
        "Wartung",
        "Strom",
        "Ketchup",
        "Mayo",
        "Senf"
      ],
      "outputs": [
        "Geldkassette"
      ]
    },
    {
      "name": "Kalkwerk",
      "name_de": "Kalkwerk",
      "cost": 500000,
      "category": "rohstoffe",
      "research_id": 137,
      "inputs": [
        "Diesel",
        "Wartung",
        "Strom",
        "Wasser",
        "Steine",
        "Muscheln",
        "Kies"
      ],
      "outputs": [
        "Kalk"
      ]
    },
    {
      "name": "Kartoffelfabrik",
      "name_de": "Kartoffelfabrik",
      "cost": 1700000,
      "category": "verarbeitung",
      "research_id": 138,
      "inputs": [
        "Kartoffeln",
        "Eier",
        "Rapsöl",
        "Sonnenblumenöl",
        "Rote Zwiebel",
        "Rundballennetz",
        "Kartonrolle",
        "Papierrolle",
        "Leerpalette",
        "Wartung",
        "Wasser",
        "Strom"
      ],
      "outputs": [
        "Pommes",
        "Chips",
        "Kroketten",
        "Reibekuchen",
        "Kartoffelsack",
        "Schweinefutter",
        "Abwasser",
        "Kompost"
      ]
    },
    {
      "name": "Ketchup-Mayo-Senffabrik",
      "name_de": "Ketchup-Mayo-Senffabrik",
      "cost": 1600000,
      "category": "verarbeitung",
      "research_id": 139,
      "inputs": [
        "Tomaten",
        "Eier",
        "Senf",
        "Zucker",
        "Essig",
        "Leerpalette",
        "Einmachglas",
        "Rapsöl",
        "Sonnenblumenöl",
        "Rote Zwiebel",
        "Flaschen",
        "Papierrolle",
        "Kartonrolle",
        "Wartung",
        "Strom",
        "Wasser"
      ],
      "outputs": [
        "Ketchup",
        "Tomatensauce",
        "Mayonnaise",
        "Senf",
        "Kompost",
        "Alte Leerpalette",
        "Abwasser"
      ]
    },
    {
      "name": "Kieswerk",
      "name_de": "Kieswerk",
      "cost": 1400000,
      "category": "rohstoffe",
      "research_id": 140,
      "inputs": [
        "Diesel",
        "Wartung",
        "Strom"
      ],
      "outputs": [
        "Kies",
        "Sand",
        "Steine",
        "Erde"
      ]
    },
    {
      "name": "Klärwerk",
      "name_de": "Klärwerk",
      "cost": 600000,
      "category": "infrastruktur",
      "research_id": 141,
      "inputs": [
        "Gülle",
        "Gärreste",
        "Abwasser",
        "Wartung",
        "Strom"
      ],
      "outputs": [
        "Wasser",
        "Kompost",
        "Gülle"
      ]
    },
    {
      "name": "Abwasserproduktion",
      "name_de": "Abwasserproduktion",
      "cost": 25000,
      "category": "infrastruktur",
      "research_id": 142,
      "inputs": [
        "Wartung"
      ],
      "outputs": [
        "Abwasser"
      ]
    },
    {
      "name": "Komposter",
      "name_de": "Komposter",
      "cost": 390000,
      "category": "verarbeitung",
      "research_id": 143,
      "inputs": [
        "Gras",
        "Luzerne",
        "Stroh",
        "Mist",
        "Häckselgut",
        "Kleegras",
        "Hülsenfruchtstroh",
        "Diesel",
        "Wartung"
      ],
      "outputs": [
        "Kompost"
      ]
    },
    {
      "name": "Käserei",
      "name_de": "Käserei",
      "cost": 1900000,
      "category": "verarbeitung",
      "research_id": 144,
      "inputs": [
        "Milch",
        "Büffelmilch",
        "Ziegenmilch",
        "Leerpalette",
        "Knoblauch",
        "Frühlingslauch",
        "Kartonrolle",
        "Holzkiste",
        "Wartung",
        "Strom",
        "Wasser"
      ],
      "outputs": [
        "Käse",
        "Büffelmozzarella",
        "Ziegenkäse",
        "Frischkäse",
        "Mozzarella",
        "Molke",
        "Abwasser"
      ]
    },
    {
      "name": "Labor",
      "name_de": "Labor",
      "cost": 1200000,
      "category": "verarbeitung",
      "research_id": 145,
      "inputs": [
        "Melasse",
        "Milch",
        "Ziegenmilch",
        "Kartonrolle",
        "Leerpalette",
        "Strom",
        "Wasser",
        "Wartung"
      ],
      "outputs": [
        "Hefe",
        "Siliermittel",
        "Alte Leerpalette",
        "Abwasser"
      ]
    },
    {
      "name": "Lebensmittelfabrik",
      "name_de": "Lebensmittelfabrik",
      "cost": 2800000,
      "category": "verarbeitung",
      "research_id": 146,
      "inputs": [
        "Mehl",
        "Rote Zwiebeln",
        "Kartoffelsack",
        "Olivenöl",
        "Maisöl",
        "Zucker",
        "Rindfleisch",
        "Wurst",
        "Tomatensauce",
        "Hefe",
        "Pommes",
        "Schollenfilet",
        "Käse",
        "Mozzarella",
        "Büffelmozzarella",
        "Rotkohl",
        "Apfel",
        "Wasser",
        "Strom",
        "Wartung",
        "Leerpalette",
        "Kartonrolle",
        "Papierrolle"
      ],
      "outputs": [
        "Pizza",
        "Fertigmahlzeit",
        "Fisch und Pommes",
        "Kompost",
        "Abwasser",
        "Alte Leerpalette"
      ]
    },
    {
      "name": "Malzfabrik",
      "name_de": "Malzfabrik",
      "cost": 800000,
      "category": "verarbeitung",
      "research_id": 147,
      "inputs": [
        "Weizen",
        "Sommerweizen",
        "Gerste",
        "Sommergerste",
        "Sorghumhirse",
        "Leerpalette",
        "Wasser",
        "Strom",
        "Wartung"
      ],
      "outputs": [
        "Weizenmalz",
        "Gerstenmalz",
        "Hirsemalz",
        "Schweinefutter",
        "Abwasser"
      ]
    },
    {
      "name": "Marmeladenfabrik",
      "name_de": "Marmeladenfabrik",
      "cost": 1900000,
      "category": "verarbeitung",
      "research_id": 148,
      "inputs": [
        "Apfel",
        "Kirsche",
        "Pflaume",
        "Mirabelle",
        "Erdbeere",
        "Himbeere",
        "Brombeere",
        "Pfirsich",
        "Johannisbeere",
        "Zucker",
        "Einmachglas",
        "Leerpalette",
        "Papierrolle",
        "Wartung",
        "Kartonrolle",
        "Strom",
        "Wasser"
      ],
      "outputs": [
        "Apfelmus",
        "Pflaumenmus",
        "Erdbeermarmelade",
        "Himbeermarmelade",
        "Kirschmarmelade",
        "Pfirsichmarmelade",
        "Brombeergelee",
        "Mirabellenmarmelade",
        "Kompost",
        "Alte Leerpalette",
        "Abwasser"
      ]
    },
    {
      "name": "Mehlfabrik",
      "name_de": "Mehlfabrik",
      "cost": 1500000,
      "category": "verarbeitung",
      "research_id": 149,
      "inputs": [
        "Weizen",
        "Sommerweizen",
        "Dinkel",
        "Roggen",
        "Buchweizen",
        "Reis",
        "Langkornreis",
        "Leerpalette",
        "Strom",
        "Wartung"
      ],
      "outputs": [
        "Weizenmehl",
        "Dinkelmehl",
        "Roggenmehl",
        "Buchweizenmehl",
        "Reismehl",
        "Kleie"
      ]
    },
    {
      "name": "Molkerei",
      "name_de": "Molkerei",
      "cost": 1600000,
      "category": "verarbeitung",
      "research_id": 150,
      "inputs": [
        "Milch",
        "Büffelmilch",
        "Ziegenmilch",
        "Leerpalette",
        "Papierpalette",
        "Kartonpalette",
        "Wartung",
        "Wasser",
        "Strom"
      ],
      "outputs": [
        "Vollmilch",
        "Quark",
        "Sahne",
        "Butter",
        "Joghurt",
        "Büffelmilch",
        "Ziegenmilch",
        "Abwasser"
      ]
    },
    {
      "name": "Mosterei",
      "name_de": "Mosterei",
      "cost": 1800000,
      "category": "verarbeitung",
      "research_id": 151,
      "inputs": [
        "Apfel",
        "Birne",
        "Kirsche",
        "Pflaume",
        "Trauben",
        "Tomaten",
        "Karotten",
        "Zucker",
        "Wartung",
        "Flaschen",
        "Papierrolle",
        "Kartonrolle",
        "Leerpalette",
        "Wasser",
        "Strom"
      ],
      "outputs": [
        "Apfelsaft",
        "Birnensaft",
        "Kirschsaft",
        "Pflaumensaft",
        "Traubensaft",
        "Tomatensaft",
        "Karottensaft",
        "Essig",
        "Schweinefutter",
        "Alte Leerpalette",
        "Strom"
      ]
    },
    {
      "name": "Nudelfabrik",
      "name_de": "Nudelfabrik",
      "cost": 1200000,
      "category": "verarbeitung",
      "research_id": 152,
      "inputs": [
        "Mehl",
        "Rapsöl",
        "Eier",
        "Rindfleisch",
        "Wartung",
        "Papierrolle",
        "Kartonrolle",
        "Leerpalette",
        "Wasser",
        "Strom"
      ],
      "outputs": [
        "Nudeln",
        "Spaghetti",
        "Tortelloni",
        "Alte Leerpalette",
        "Abwasser"
      ]
    },
    {
      "name": "Obstplantagen",
      "name_de": "Obstplantage",
      "cost": 500000,
      "category": "plantage",
      "research_id": 153,
      "inputs": [
        "Kompost",
        "Leerpalette",
        "Wartung",
        "Kartonrolle",
        "Rindenmulch",
        "Strom",
        "Mineraldünger",
        "Herbizid",
        "Bienenstock",
        "Wasser"
      ],
      "outputs": [
        "Apfel",
        "Kirsche",
        "Birne",
        "Pflaume",
        "Pfirsich",
        "Mirabelle",
        "Honig"
      ]
    },
    {
      "name": "Pelletsfabrik",
      "name_de": "Pelletsfabrik",
      "cost": 1700000,
      "category": "verarbeitung",
      "research_id": 154,
      "inputs": [
        "Hackschnitzel",
        "Stroh",
        "Heu",
        "Luzerne Heu",
        "Kleeheu",
        "Leerpaletten",
        "Melasse",
        "Strom",
        "Wartung"
      ],
      "outputs": [
        "Holzpellets",
        "Strohpellets",
        "Heupellets"
      ]
    },
    {
      "name": "Herbizidproduktion",
      "name_de": "Herbizidproduktion",
      "cost": 350000,
      "category": "verarbeitung",
      "research_id": 155,
      "inputs": [
        "Tabak",
        "Kalk",
        "Wartung",
        "Wasser",
        "Strom"
      ],
      "outputs": [
        "Herbizid",
        "Kompost"
      ]
    },
    {
      "name": "Recyclingcenter",
      "name_de": "Recyclingcenter",
      "cost": 50000,
      "category": "infrastruktur",
      "research_id": 156,
      "inputs": [
        "Strom",
        "Wartung"
      ],
      "outputs": [
        "Altglas",
        "Alte Leerpalette"
      ]
    },
    {
      "name": "Raffinerie",
      "name_de": "Raffinerie",
      "cost": 1400000,
      "category": "verarbeitung",
      "research_id": 157,
      "inputs": [
        "Raps",
        "Sonnenblumen",
        "Rohöl",
        "Strom",
        "Wartung"
      ],
      "outputs": [
        "Diesel",
        "Schweinefutter"
      ]
    },
    {
      "name": "Räucherei",
      "name_de": "Räucherei",
      "cost": 1200000,
      "category": "verarbeitung",
      "research_id": 158,
      "inputs": [
        "Lachs",
        "Forelle",
        "Aal",
        "Schweinefleisch",
        "Holzkohle",
        "Hackschnitzel",
        "Leerpalette",
        "Kartonrolle",
        "Papierrolle",
        "Wartung",
        "Strom",
        "Wasser"
      ],
      "outputs": [
        "Geräucherter Lachs",
        "Geräucherte Forelle",
        "Geräucherter Aal",
        "Schinken",
        "Kompost",
        "Abwasser",
        "Alte Leerpalette"
      ]
    },
    {
      "name": "Rübenschnitzel",
      "name_de": "Rübenschnitzel",
      "cost": 220000,
      "category": "verarbeitung",
      "research_id": 159,
      "inputs": [
        "Zuckerrüben",
        "Diesel",
        "Wartung"
      ],
      "outputs": [
        "Zuckerrübenschnitzel"
      ]
    },
    {
      "name": "Saatgutherstellung",
      "name_de": "Saatgutherstellung",
      "cost": 250000,
      "category": "verarbeitung",
      "research_id": 160,
      "inputs": [
        "Weizen",
        "Sommerweizen",
        "Roggen",
        "Triticale",
        "Mais",
        "Ackerbohnen",
        "Ackergras",
        "Mineraldünger",
        "Wartung",
        "Strom"
      ],
      "outputs": [
        "Saatgut"
      ]
    },
    {
      "name": "Sägewerk",
      "name_de": "Sägewerk",
      "cost": 1400000,
      "category": "verarbeitung",
      "research_id": 161,
      "inputs": [
        "Holz",
        "Holzstammpalette",
        "Strom",
        "Wartung",
        "Hackschnitzel"
      ],
      "outputs": [
        "Leerpalette",
        "Bretterpalette",
        "OSB-Platte",
        "Spanplatte",
        "Holzbalken",
        "Lange Bretter",
        "Hackschnitzel",
        "Rindenmulch"
      ]
    },
    {
      "name": "Schlachter",
      "name_de": "Schlachter",
      "cost": 1600000,
      "category": "verarbeitung",
      "research_id": 162,
      "inputs": [
        "Rinder",
        "Wasserbüffel",
        "Lämmer",
        "Schweine",
        "Huhn",
        "Ente",
        "Leerpalette",
        "Kartonrolle",
        "Crushed Ice",
        "Wartung",
        "Strom",
        "Wasser"
      ],
      "outputs": [
        "Rindfleisch",
        "Schweinefleisch",
        "Hühnerfleisch",
        "Wurst",
        "Lammfleisch",
        "Daunen",
        "Wolle",
        "Leder",
        "Nebenprodukt",
        "Abwasser"
      ]
    },
    {
      "name": "Separator",
      "name_de": "Separator",
      "cost": 200000,
      "category": "verarbeitung",
      "research_id": 163,
      "inputs": [
        "Gärreste",
        "Gülle",
        "Wartung",
        "Strom"
      ],
      "outputs": [
        "Herbizid",
        "Mist",
        "Abwasser"
      ]
    },
    {
      "name": "Textilfabrik",
      "name_de": "Textilfabrik",
      "cost": 2900000,
      "category": "verarbeitung",
      "research_id": 164,
      "inputs": [
        "Wolle",
        "Baumwolle",
        "Hanfschwad",
        "Flachs",
        "Stroh",
        "Hülsenfruchtstroh",
        "Wartung",
        "Strom",
        "Wasser",
        "Kartonrolle",
        "Bretterpalette",
        "Leerpalette",
        "Stoff",
        "Daunen"
      ],
      "outputs": [
        "Stoff",
        "Kleidung",
        "Schuhe",
        "Holzklotzen",
        "Strohhut",
        "Bindegarn für Quaderballen",
        "Rundballennetz",
        "Seil",
        "Abwasser"
      ]
    },
    {
      "name": "Tischlerei",
      "name_de": "Tischlerei",
      "cost": 2200000,
      "category": "verarbeitung",
      "research_id": 165,
      "inputs": [
        "Bretterpalette",
        "Lange Bretter",
        "Holzbalken",
        "Glasscheibe",
        "OSB-Platte",
        "Isolierung",
        "Leerpalette",
        "Alte Leerpalette",
        "Wartung",
        "Strom"
      ],
      "outputs": [
        "Holzkiste",
        "Holzfass",
        "Leerpalette",
        "Bienenstock",
        "Möbel",
        "Fenster",
        "Fertigwand",
        "Hackschnitzel",
        "Badewanne",
        "Eimer",
        "Alte Leerpalette"
      ]
    },
    {
      "name": "Werkstatt",
      "name_de": "Werkstatt",
      "cost": 175000,
      "category": "infrastruktur",
      "research_id": 166,
      "inputs": [
        "Diesel",
        "Strom",
        "Bretterpalette",
        "Brot",
        "Käse"
      ],
      "outputs": [
        "Wartung"
      ]
    },
    {
      "name": "Zellstofffabrik",
      "name_de": "Zellstofffabrik",
      "cost": 1800000,
      "category": "verarbeitung",
      "research_id": 167,
      "inputs": [
        "Hackschnitzel",
        "Leerpaletten",
        "Flachs",
        "Hanfschwad",
        "Wartung",
        "Strom",
        "Wasser"
      ],
      "outputs": [
        "Papierrolle",
        "Kartonrolle",
        "Klopapier",
        "Isolierung",
        "Abwasser"
      ]
    },
    {
      "name": "Zementfabrik",
      "name_de": "Zementfabrik",
      "cost": 2200000,
      "category": "verarbeitung",
      "research_id": 168,
      "inputs": [
        "Kies",
        "Sand",
        "Leerpalette",
        "Papierrolle",
        "Wasser",
        "Wartung",
        "Strom"
      ],
      "outputs": [
        "Zement",
        "Betonziegel",
        "Pflastersteine Grau",
        "Pflastersteine Rot",
        "Randsteine",
        "Dachplatte",
        "Abwasser"
      ]
    },
    {
      "name": "Zuckerfabrik",
      "name_de": "Zuckerfabrik",
      "cost": 1600000,
      "category": "verarbeitung",
      "research_id": 169,
      "inputs": [
        "Zuckerrüben",
        "Sorghum",
        "Zuckerrohr",
        "Leerpaletten",
        "Wartung",
        "Strom",
        "Wasser"
      ],
      "outputs": [
        "Zucker",
        "Melasse",
        "Zuckerrübenschnitzel",
        "Kompost",
        "Kalk",
        "Abwasser"
      ]
    },
    {
      "name": "Ölmühle",
      "name_de": "Ölmühle",
      "cost": 3000000,
      "category": "verarbeitung",
      "research_id": 170,
      "inputs": [
        "Sonnenblumen",
        "Raps",
        "Mais",
        "Oliven",
        "Leinsamen",
        "Lavendel",
        "Soja",
        "Hanf",
        "Mohn",
        "Kürbiskerne",
        "Reis",
        "Langkornreis",
        "Papierrolle",
        "Kartonrolle",
        "Leerpalette",
        "Wartung",
        "Strom"
      ],
      "outputs": [
        "Sonnenblumenöl",
        "Rapsöl",
        "Maisöl",
        "Olivenöl",
        "Leinsamenöl",
        "Lavendelöl",
        "Sojaöl",
        "Hanföl",
        "Mohnöl",
        "Kürbiskernöl",
        "Reisöl",
        "Schweinefutter"
      ]
    }
  ],
  "selling_points": [
    {
      "name": "Supermarkt Tobi",
      "name_de": "Supermarkt Tobi",
      "accepts": [
        "Brot",
        "Brötchen",
        "Backwaren",
        "Kuchen",
        "Vollmilch",
        "Butter",
        "Käse",
        "Joghurt",
        "Sahne",
        "Quark",
        "Wurst",
        "Schinken",
        "Eier",
        "Honig",
        "Zucker",
        "Mehl",
        "Nudeln",
        "Spaghetti",
        "Ketchup",
        "Mayonnaise",
        "Senf",
        "Marmelade",
        "Apfelmus",
        "Müsli",
        "Haferflocken",
        "Chips",
        "Popcorn",
        "Klopapier",
        "Pizza",
        "Fertigmahlzeit"
      ]
    },
    {
      "name": "Landhandel Markus",
      "name_de": "Landhandel Markus",
      "accepts": [
        "Weizen",
        "Gerste",
        "Roggen",
        "Mais",
        "Raps",
        "Sonnenblumen",
        "Kartoffeln",
        "Zuckerrüben",
        "Stroh",
        "Heu",
        "Silage",
        "Saatgut",
        "Mineraldünger",
        "Flüssigdünger",
        "Herbizid",
        "Kalk"
      ]
    },
    {
      "name": "Baumarkt Stefan",
      "name_de": "Baumarkt Stefan",
      "accepts": [
        "Holzbalken",
        "Bretterpalette",
        "OSB-Platte",
        "Spanplatte",
        "Lange Bretter",
        "Zement",
        "Betonziegel",
        "Pflastersteine Grau",
        "Pflastersteine Rot",
        "Randsteine",
        "Dachplatte",
        "Glasscheibe",
        "Fenster",
        "Fertigwand",
        "Möbel",
        "Badewanne",
        "Isolierung"
      ]
    },
    {
      "name": "Getränkemarkt Lisa",
      "name_de": "Getränkemarkt Lisa",
      "accepts": [
        "Apfelsaft",
        "Birnensaft",
        "Kirschsaft",
        "Pflaumensaft",
        "Traubensaft",
        "Tomatensaft",
        "Karottensaft",
        "Weizenbierfass",
        "Gerstenbierfass",
        "Hirsebierfass",
        "Gerste Flaschenbier",
        "Weizen Flaschenbier",
        "Malzbier",
        "Obstler",
        "Korn",
        "Whiskey",
        "Wodka",
        "Eierlikör",
        "Erdbeerlimes",
        "Himbeerlimes",
        "Rotwein",
        "Sojamilch",
        "Hafermilch"
      ]
    },
    {
      "name": "Tankstelle Thomas",
      "name_de": "Tankstelle Thomas",
      "accepts": [
        "Diesel",
        "Rohöl",
        "Methan"
      ]
    },
    {
      "name": "Tierfutterhandel Anna",
      "name_de": "Tierfutterhandel Anna",
      "accepts": [
        "Schweinefutter",
        "Mischration",
        "Mineralfutter",
        "Fischfutter",
        "Hundefutter",
        "Katzenfutter",
        "Vogelfutter",
        "Heu",
        "Stroh",
        "Silage"
      ]
    },
    {
      "name": "Fischmarkt Klaus",
      "name_de": "Fischmarkt Klaus",
      "accepts": [
        "Scholle",
        "Hering",
        "Krabbe",
        "Hummer",
        "Lachs",
        "Forelle",
        "Aal",
        "Dorsch",
        "Muscheln",
        "Geräucherter Lachs",
        "Geräucherte Forelle",
        "Geräucherter Aal",
        "Schollenfilet",
        "Dorschfilet",
        "Hering in Tomatensauce",
        "Krabbensalat",
        "Fischmehl"
      ]
    },
    {
      "name": "Obsthandel Maria",
      "name_de": "Obsthandel Maria",
      "accepts": [
        "Apfel",
        "Birne",
        "Kirsche",
        "Pflaume",
        "Pfirsich",
        "Mirabelle",
        "Erdbeere",
        "Himbeere",
        "Brombeere",
        "Johannisbeere",
        "Trauben",
        "Oliven"
      ]
    },
    {
      "name": "Gemüsehandel Peter",
      "name_de": "Gemüsehandel Peter",
      "accepts": [
        "Kartoffeln",
        "Karotten",
        "Zwiebeln",
        "Tomaten",
        "Salat",
        "Kürbis",
        "Spinat",
        "Blumenkohl",
        "Rotkohl",
        "Chinakohl",
        "Knoblauch",
        "Frühlingslauch",
        "Chilischoten",
        "Pilze",
        "Austernpilz",
        "Enoki",
        "Karottensack",
        "Zwiebelsack",
        "Kartoffelsack"
      ]
    },
    {
      "name": "Textilhandel Sandra",
      "name_de": "Textilhandel Sandra",
      "accepts": [
        "Stoff",
        "Kleidung",
        "Schuhe",
        "Strohhut",
        "Wolle",
        "Baumwolle",
        "Leder",
        "Daunen"
      ]
    }
  ],
  "products": [
    "Aal",
    "Abwasser",
    "Ackerbohnen",
    "Ackererbsen",
    "Ackergras",
    "Alte Leerpalette",
    "Altglas",
    "Apfel",
    "Apfelmus",
    "Apfelsaft",
    "Austernpilz",
    "Austernpilze",
    "Backwaren",
    "Badewanne",
    "Baumsetzlingspaletten",
    "Baumwolle",
    "Betonziegel",
    "Bienenstock",
    "Bindegarn für Quaderballen",
    "Birne",
    "Birnensaft",
    "Blumenkohl",
    "Bohnensuppe",
    "Bretterpalette",
    "Bretterpaletten",
    "Brombeere",
    "Brombeergelee",
    "Brot",
    "Brötchen",
    "Buchweizen",
    "Buchweizenmehl",
    "Butter",
    "Büffelmilch",
    "Büffelmozzarella",
    "Chili Con Carne",
    "Chilischoten",
    "Chinakohl",
    "Chips",
    "Crushed Ice",
    "Dachplatte",
    "Daunen",
    "Diesel",
    "Dinkel",
    "Dinkelmehl",
    "Dorsch",
    "Dorschfilet",
    "Dreierleisuppe",
    "Eier",
    "Eierlikör",
    "Eimer",
    "Eingemachte Bohnen",
    "Einmachglas",
    "Eis am Stiel",
    "Enoki",
    "Ente",
    "Erbsen",
    "Erbsendose",
    "Erbsensuppe",
    "Erdbeere",
    "Erdbeeren",
    "Erdbeerlimes",
    "Erdbeermarmelade",
    "Erde",
    "Essig",
    "Fenster",
    "Fertigmahlzeit",
    "Fertigwand",
    "Fisch und Pommes",
    "Fischfutter",
    "Fischmehl",
    "Flachs",
    "Flaschen",
    "Flüssigdünger",
    "Forelle",
    "Frischkäse",
    "Frühlingslauch",
    "Geflügelfleisch",
    "Geldkassette",
    "Gemüsemais",
    "Gerste",
    "Gerste Flaschenbier",
    "Gerstenbierfass",
    "Gerstenmalz",
    "Geräucherte Forelle",
    "Geräucherter Aal",
    "Geräucherter Lachs",
    "Glasscheibe",
    "Gras",
    "Gärreste",
    "Gülle",
    "Hackschnitzel",
    "Hafer",
    "Haferflocken",
    "Hafermilch",
    "Hanf",
    "Hanfschwad",
    "Hanföl",
    "Hefe",
    "Herbizid",
    "Herbizide",
    "Hering",
    "Hering in Tomatensauce",
    "Heu",
    "Heupellets",
    "Himbeere",
    "Himbeerlimes",
    "Himbeermarmelade",
    "Hirsebierfass",
    "Hirsebrei",
    "Hirsemalz",
    "Holz",
    "Holzbalken",
    "Holzfass",
    "Holzkiste",
    "Holzklotzen",
    "Holzkohle",
    "Holzpellets",
    "Holzstammpalette",
    "Honig",
    "Hopfen",
    "Huhn",
    "Hummer",
    "Hundefutter",
    "Häckselgut",
    "Hühnerfleisch",
    "Hülsenfruchtstroh",
    "Isolierung",
    "Joghurt",
    "Johannisbeere",
    "Kalk",
    "Karotten",
    "Karottendose",
    "Karottensack",
    "Karottensaft",
    "Karottensuppe",
    "Kartoffeln",
    "Kartoffelsack",
    "Kartoffelsuppe",
    "Kartonpalette",
    "Kartonrolle",
    "Katzenfutter",
    "Ketchup",
    "Kies",
    "Kimchi",
    "Kirsche",
    "Kirschmarmelade",
    "Kirschsaft",
    "Kleegras",
    "Kleeheu",
    "Kleidung",
    "Kleie",
    "Klopapier",
    "Knoblauch",
    "Kohlsuppe",
    "Kompost",
    "Korn",
    "Krabbe",
    "Krabbensalat",
    "Kroketten",
    "Kuchen",
    "Käse",
    "Kürbis",
    "Kürbiskerne",
    "Kürbiskernöl",
    "Kürbispaletten",
    "Kürbissuppe",
    "Lachs",
    "Lammfleisch",
    "Lange Bretter",
    "Langkornreis",
    "Lavendel",
    "Lavendelöl",
    "Leder",
    "Leere Holzkiste",
    "Leerpalette",
    "Leerpaletten",
    "Leinsamen",
    "Leinsamenöl",
    "Luzerne",
    "Luzerne Heu",
    "Lämmer",
    "Mais",
    "Maisöl",
    "Malzbier",
    "Mayo",
    "Mayonnaise",
    "Mehl",
    "Melasse",
    "Methan",
    "Milch",
    "Mineraldünger",
    "Mineralfutter",
    "Mirabelle",
    "Mirabellenmarmelade",
    "Mischration",
    "Mist",
    "Mohn",
    "Mohnöl",
    "Molke",
    "Mozzarella",
    "Muscheln",
    "Möbel",
    "Möhren",
    "Müsli",
    "Nebenprodukt",
    "Netzrolle",
    "Nudeln",
    "Nudelsuppe",
    "OSB-Platte",
    "Obstler",
    "Oliven",
    "Olivenöl",
    "Papierpalette",
    "Papierrolle",
    "Pastinaken",
    "Pastinakendose",
    "Pastinakensuppe",
    "Pfirsich",
    "Pfirsichmarmelade",
    "Pflastersteine Grau",
    "Pflastersteine Rot",
    "Pflaume",
    "Pflaumenmus",
    "Pflaumensaft",
    "Pilze",
    "Pilzsuppe",
    "Pizza",
    "Pommes",
    "Popcorn",
    "Quark",
    "Rahmspinat",
    "Randsteine",
    "Raps",
    "Rapsöl",
    "Reibekuchen",
    "Reis",
    "Reisbox",
    "Reismehl",
    "Reisrolle",
    "Reissack",
    "Reisöl",
    "Rindenmulch",
    "Rinder",
    "Rindfleisch",
    "Roggen",
    "Roggenmehl",
    "Rohöl",
    "Rollrasen",
    "Rosinen",
    "Rote Beete",
    "Rote Zwiebel",
    "Rote Zwiebeln",
    "Rotebeetedose",
    "Rotebeetesuppe",
    "Rotkohl",
    "Rotwein",
    "Rundballennetz",
    "Röstzwiebeln",
    "Saatgut",
    "Sahne",
    "Salat",
    "Sand",
    "Schinken",
    "Scholle",
    "Schollenfilet",
    "Schuhe",
    "Schweine",
    "Schweinefleisch",
    "Schweinefutter",
    "Seil",
    "Senf",
    "Setzlingspalette",
    "Setzlingspaletten",
    "Silage",
    "Siliermittel",
    "Soja",
    "Sojabohnen",
    "Sojamilch",
    "Sojaschnetzel",
    "Sojaöl",
    "Sommergerste",
    "Sommerweizen",
    "Sonnenblumen",
    "Sonnenblumenöl",
    "Sorghum",
    "Sorghum Hirse",
    "Sorghumhirse",
    "Spaghetti",
    "Spanplatte",
    "Spinat",
    "Spinatsack",
    "Steine",
    "Stoff",
    "Stroh",
    "Strohhut",
    "Strohpellets",
    "Strom",
    "Tabak",
    "Tomate",
    "Tomaten",
    "Tomatensaft",
    "Tomatensauce",
    "Tomatensuppe",
    "Tortelloni",
    "Trauben",
    "Traubensaft",
    "Triticale",
    "Vogelfutter",
    "Vollmilch",
    "Waffeleis",
    "Wartung",
    "Wasser",
    "Wasserbüffel",
    "Weizen",
    "Weizen Flaschenbier",
    "Weizenbierfass",
    "Weizenmalz",
    "Weizenmehl",
    "Whiskey",
    "Wodka",
    "Wolle",
    "Wurst",
    "Zement",
    "Ziegenkäse",
    "Ziegenmilch",
    "Zucker",
    "Zuckerrohr",
    "Zuckerrüben",
    "Zuckerrübenschnitzel",
    "Zwiebeln",
    "Zwiebelsack",
    "Zwiebelsalz",
    "Zwiebelsuppe"
  ],
  "research_categories": {
    "rohstoffe": {
      "name": "Rohstoffgewinnung",
      "base_level": 5
    },
    "verarbeitung": {
      "name": "Verarbeitung",
      "base_level": 3
    },
    "plantage": {
      "name": "Plantagenbau",
      "base_level": 4
    },
    "tierhaltung": {
      "name": "Tierhaltung",
      "base_level": 6
    },
    "produktion": {
      "name": "Produktion",
      "base_level": 5
    },
    "verkauf": {
      "name": "Verkauf",
      "base_level": 2
    },
    "handel": {
      "name": "Handel",
      "base_level": 4
    },
    "energie": {
      "name": "Energieversorgung",
      "base_level": 8
    },
    "infrastruktur": {
      "name": "Infrastruktur",
      "base_level": 2
    },
    "landwirtschaft": {
      "name": "Landwirtschaft",
      "base_level": 3
    }
  }
}