{
  "generated_at": "2026-02-02 02:04:46",
  "source": "https://www.farming-simulator.com/about.php",
  "categories": {
    "fahrzeuge": [
      "abi",
      "agco",
      "antoniocarraro",
      "ape",
      "aprilia",
      "caseih",
      "challenger",
      "claas",
      "deutzfahr",
      "fendt",
      "fiat",
      "impex",
      "international",
      "iseki",
      "jcb",
      "johndeere",
      "komatsu",
      "kubota",
      "landini",
      "lindner",
      "lizard",
      "mack",
      "manitou",
      "masseyferguson",
      "mccormick",
      "merlo",
      "newholland",
      "pfanzelt",
      "ponsse",
      "prinoth",
      "riedler",
      "rigitrac",
      "ropa",
      "rottne",
      "same",
      "schaeffer",
      "sennebogen",
      "skoda",
      "steyr",
      "valtra",
      "volvo",
      "zetor"
    ],
    "erntemaschinen": [
      "agrifac",
      "amitytech",
      "capello",
      "caseih",
      "claas",
      "dewulf",
      "ero",
      "fendt",
      "geringhoff",
      "gregoire",
      "grimme",
      "holmer",
      "iseki",
      "johndeere",
      "kemper",
      "krone",
      "lacotec",
      "macdon",
      "masseyferguson",
      "newholland",
      "oxbo",
      "ropa"
    ],
    "geraete": [
      "abi",
      "agco",
      "agibatco",
      "agistorm",
      "agiwestfield",
      "agrifac",
      "agrio",
      "agrisem",
      "agromasz",
      "albutt",
      "alpego",
      "amazone",
      "amitytech",
      "andersongroup",
      "annaburger",
      "arcusin",
      "bednar",
      "bergmann",
      "berthoud",
      "bomech",
      "brandt",
      "brantner",
      "bredal",
      "caseih",
      "claas",
      "conveyall",
      "dalbo",
      "damcon",
      "demco",
      "einboeck",
      "elho",
      "elmersmfg",
      "faresin",
      "farmax",
      "farmet",
      "farmtech",
      "fendt",
      "fliegl",
      "fuhrmann",
      "gessner",
      "gorenc",
      "goeweil",
      "greatplains",
      "grimme",
      "hardi",
      "hauer",
      "hawe",
      "heizomat",
      "holaras",
      "horsch",
      "iseki",
      "jenz",
      "jmmanufacturing",
      "johndeere",
      "jungheinrich",
      "kaweco",
      "kemper",
      "kesla",
      "kingston",
      "kinze",
      "knoche",
      "kockerling",
      "koller",
      "kotte",
      "krampe",
      "kroeger",
      "krone",
      "kronetrailer",
      "kubota",
      "kuhn",
      "kverneland",
      "lemken",
      "lizard",
      "lodeking",
      "magsi",
      "manitou",
      "masseyferguson",
      "mccormack",
      "meridian",
      "mzuri",
      "nardi",
      "newholland",
      "novag",
      "oxbo",
      "paladin",
      "pfanzelt",
      "pittstrailers",
      "poettinger",
      "prinoth",
      "provitis",
      "quicke",
      "reiter",
      "riedler",
      "risutec",
      "ropa",
      "rudolph",
      "salek",
      "samasz",
      "samsonagro",
      "schuitemaker",
      "schwarzmueller",
      "sennebogen",
      "siloking",
      "sip",
      "stema",
      "steyr",
      "streumaster",
      "summersmfg",
      "tajfun",
      "tenwinkel",
      "thundercreek",
      "tmccancela",
      "treffler",
      "tt",
      "unia",
      "vaederstad",
      "vermeer",
      "volvo",
      "walkabout",
      "westtech",
      "wifo",
      "wilson",
      "zunhammer"
    ],
    "diverses": [
      "agi",
      "agisentinel",
      "agiwesteel",
      "bkt",
      "brielmaier",
      "caseih",
      "claas",
      "continental",
      "corteva",
      "dewulf",
      "easysheds",
      "elten",
      "engelbertstrauss",
      "ero",
      "fendt",
      "groha",
      "hardi",
      "hella",
      "helm",
      "rudolfhoermann",
      "husqvarna",
      "idagro",
      "johndeere",
      "jonsered",
      "kaercher",
      "krone",
      "kubota",
      "lely",
      "lincoln",
      "lizard",
      "masseyferguson",
      "mcculloch",
      "meridian",
      "michelin",
      "mitas",
      "moescha",
      "neuero",
      "newholland",
      "nokiantyres",
      "pesslinstruments",
      "pioneer",
      "planet",
      "raniplast",
      "stihl",
      "trelleborg",
      "unia",
      "valtra",
      "vermeer",
      "volvo",
      "vredestein",
      "walterscheid"
    ]
  },
  "statistics": {
    "downloaded": 238,
    "skipped": 0,
    "failed": 0
  },
  "failed_brands": []
}